Loan_ID,Gender,Married,Dependents,Education,Self_Employed,ApplicantIncome,CoapplicantIncome,LoanAmount,Loan_Amount_Term,Credit_History,Property_Area,Loan_Status
LP001001,Male,No,0.0,Graduate,No,7066,0.0,109,360,1,Urban,Y
LP001003,Male,Yes,1.0,Graduate,No,3189,1508.0,143,360,1,Rural,N
LP001005,Male,Yes,0.0,Graduate,No,4073,0.0,83,360,1,Urban,Y
LP001006,Male,Yes,0.0,Not Graduate,No,1997,2358.0,128,360,1,Urban,Y
LP001008,Male,No,0.0,Graduate,No,5483,0.0,141,360,1,Urban,Y
LP001011,Male,Yes,2.0,Graduate,No,7734,4196.0,233,360,1,Urban,Y
LP001013,Male,Yes,0.0,Not Graduate,Yes,2910,1516.0,94,360,1,Urban,Y
LP001014,Male,Yes,3.0,Graduate,No,2647,2504.0,184,360,1,Semiurban,N
LP001018,Male,Yes,2.0,Graduate,No,3702,1526.0,191,360,0,Urban,Y
LP001020,Male,Yes,1.0,Graduate,No,8661,10968.0,427,360,1,Semiurban,N
LP001024,Male,Yes,2.0,Graduate,No,3937,700.0,93,360,0,Urban,Y
LP001027,Male,Yes,2.0,Graduate,Yes,2710,1840.0,98,360,1,Urban,Y
LP001028,Male,Yes,2.0,Graduate,No,2839,8106.0,178,360,0,Urban,Y
LP001029,Male,No,0.0,Graduate,Yes,1889,2840.0,118,360,0,Rural,N
LP001030,Male,Yes,2.0,Graduate,No,1266,1086.0,20,120,1,Urban,Y
LP001032,Male,No,0.0,Graduate,No,5276,0.0,131,360,0,Urban,Y
LP001034,Male,No,1.0,Not Graduate,No,4469,0.0,82,240,0,Urban,Y
LP001036,Female,No,0.0,Graduate,No,3007,0.0,88,360,1,Urban,N
LP001038,Male,Yes,0.0,Not Graduate,No,3894,0.0,168,360,1,Rural,N
LP001041,Male,Yes,0.0,Graduate,No,2692,3500.0,134,360,1,Urban,Y
LP001043,Male,Yes,0.0,Not Graduate,Yes,7619,0.0,116,360,0,Urban,N
LP001046,Male,Yes,1.0,Graduate,Yes,5926,5625.0,343,360,1,Urban,Y
LP001047,Male,Yes,0.0,Not Graduate,Yes,1548,1911.0,120,360,1,Semiurban,N
LP001052,Male,Yes,1.0,Graduate,No,2970,2925.0,192,360,1,Semiurban,N
LP001066,Male,Yes,0.0,Graduate,No,10873,0.0,149,360,0,Semiurban,Y
LP001068,Male,Yes,0.0,Graduate,No,2649,2253.0,115,360,1,Semiurban,Y
LP001073,Male,Yes,2.0,Not Graduate,No,3649,1040.0,123,360,1,Urban,Y
LP001086,Male,No,0.0,Not Graduate,No,1020,0.0,46,360,1,Urban,N
LP001087,Female,No,2.0,Graduate,No,4192,2083.0,96,360,1,Semiurban,Y
LP001091,Male,Yes,1.0,Graduate,Yes,3445,3369.0,282,360,1,Urban,N
LP001095,Male,No,0.0,Graduate,Yes,1983,0.0,93,360,1,Urban,N
LP001097,Male,No,1.0,Graduate,No,3823,0.0,148,360,1,Rural,N
LP001098,Male,Yes,0.0,Graduate,No,5011,1667.0,148,360,1,Semiurban,Y
LP001100,Male,No,3.0,Graduate,No,9039,3000.0,342,360,1,Rural,N
LP001106,Male,Yes,0.0,Graduate,No,2253,2067.0,144,360,1,Urban,Y
LP001109,Male,Yes,0.0,Graduate,No,2024,1330.0,107,360,1,Urban,N
LP001112,Female,Yes,0.0,Graduate,No,4415,1459.0,177,360,1,Semiurban,Y
LP001114,Male,No,0.0,Graduate,No,5329,7210.0,188,360,1,Urban,Y
LP001116,Male,No,0.0,Not Graduate,No,3353,1668.0,110,360,1,Semiurban,Y
LP001119,Male,No,0.0,Graduate,No,2716,0.0,95,360,1,Urban,N
LP001120,Male,No,0.0,Graduate,Yes,1782,1213.0,53,360,0,Urban,Y
LP001123,Male,Yes,0.0,Graduate,No,2604,0.0,79,360,0,Urban,Y
LP001131,Male,Yes,0.0,Graduate,No,3482,2336.0,133,360,1,Semiurban,Y
LP001136,Male,Yes,0.0,Not Graduate,No,4143,0.0,101,360,1,Urban,Y
LP001137,Female,No,0.0,Graduate,Yes,4002,0.0,74,360,1,Urban,Y
LP001138,Male,Yes,1.0,Graduate,Yes,4765,0.0,42,360,1,Urban,Y
LP001144,Male,Yes,0.0,Graduate,No,5446,0.0,151,360,0,Urban,Y
LP001146,Female,Yes,0.0,Graduate,Yes,2384,3440.0,179,360,1,Urban,N
LP001151,Female,No,0.0,Graduate,Yes,4545,2275.0,136,360,0,Semiurban,Y
LP001155,Female,Yes,0.0,Not Graduate,No,2373,1644.0,111,360,1,Semiurban,Y
LP001157,Female,No,0.0,Graduate,Yes,4439,0.0,109,360,1,Semiurban,Y
LP001164,Female,No,0.0,Graduate,No,2981,0.0,126,360,1,Semiurban,N
LP001179,Male,Yes,2.0,Graduate,No,5367,0.0,160,360,1,Urban,N
LP001186,Female,Yes,1.0,Graduate,No,9735,0.0,290,360,1,Urban,N
LP001194,Male,Yes,2.0,Graduate,No,3815,1167.0,98,360,1,Semiurban,Y
LP001195,Male,Yes,0.0,Graduate,No,2009,1591.0,122,360,1,Semiurban,Y
LP001197,Male,Yes,0.0,Graduate,No,2739,2200.0,181,360,1,Rural,N
LP001198,Male,Yes,1.0,Graduate,No,9134,2250.0,214,360,1,Urban,Y
LP001199,Male,Yes,2.0,Not Graduate,No,2738,2859.0,136,360,1,Urban,Y
LP001205,Male,Yes,0.0,Graduate,No,2776,3796.0,114,360,0,Urban,Y
LP001206,Male,Yes,3.0,Graduate,Yes,2689,0.0,83,360,1,Urban,Y
LP001207,Male,Yes,0.0,Not Graduate,No,2068,3449.0,212,180,1,Rural,N
LP001213,Male,Yes,1.0,Graduate,No,4829,0.0,154,360,1,Rural,N
LP001222,Female,No,0.0,Graduate,No,3002,0.0,158,360,1,Semiurban,N
LP001225,Male,Yes,0.0,Graduate,No,4221,4595.0,400,360,1,Semiurban,N
LP001228,Male,No,0.0,Not Graduate,No,2637,2254.0,166,180,1,Urban,N
LP001233,Male,Yes,1.0,Graduate,No,10946,0.0,346,360,1,Urban,Y
LP001238,Male,Yes,3.0,Not Graduate,No,8127,0.0,119,60,1,Urban,Y
LP001241,Female,No,0.0,Graduate,No,3214,0.0,134,360,0,Semiurban,N
LP001243,Male,Yes,0.0,Graduate,No,3680,3066.0,203,360,1,Urban,Y
LP001245,Male,Yes,2.0,Not Graduate,No,1912,1875.0,110,360,1,Semiurban,Y
LP001248,Male,No,0.0,Graduate,No,4973,0.0,77,300,1,Semiurban,Y
LP001250,Male,Yes,3.0,Not Graduate,Yes,3311,0.0,114,360,0,Semiurban,N
LP001253,Male,Yes,3.0,Graduate,No,6564,1774.0,185,360,1,Semiurban,Y
LP001255,Male,No,0.0,Graduate,Yes,2620,0.0,155,480,0,Urban,N
LP001256,Male,No,0.0,Graduate,No,3260,4750.0,243,360,1,Urban,N
LP001259,Male,Yes,1.0,Graduate,No,683,3022.0,146,360,1,Urban,N
LP001263,Male,Yes,3.0,Graduate,No,2686,4000.0,198,300,1,Semiurban,N
LP001264,Male,Yes,3.0,Not Graduate,Yes,2751,2166.0,152,360,0,Semiurban,Y
LP001265,Female,No,0.0,Graduate,No,4111,0.0,119,360,1,Semiurban,Y
LP001266,Male,Yes,1.0,Graduate,Yes,2307,0.0,138,360,1,Semiurban,Y
LP001267,Female,Yes,2.0,Graduate,No,865,1881.0,197,360,0,Urban,N
LP001273,Male,Yes,0.0,Graduate,Yes,5768,2250.0,358,360,0,Semiurban,N
LP001275,Male,Yes,1.0,Graduate,No,4760,0.0,54,240,1,Urban,Y
LP001279,Male,No,0.0,Graduate,No,2804,2531.0,159,360,1,Semiurban,Y
LP001280,Male,Yes,2.0,Not Graduate,No,3017,2000.0,102,360,1,Semiurban,Y
LP001282,Male,Yes,0.0,Graduate,Yes,2964,2118.0,140,360,1,Semiurban,Y
LP001289,Male,No,0.0,Graduate,No,9264,0.0,201,360,1,Urban,Y
LP001310,Male,Yes,0.0,Graduate,No,6366,4167.0,208,360,0,Semiurban,Y
LP001316,Male,Yes,0.0,Graduate,Yes,3261,2900.0,158,360,1,Semiurban,Y
LP001318,Male,Yes,2.0,Graduate,No,8968,5654.0,173,180,1,Semiurban,Y
LP001319,Male,Yes,2.0,Not Graduate,No,4021,1820.0,84,360,1,Urban,Y
LP001322,Male,No,0.0,Graduate,No,5219,0.0,128,360,1,Semiurban,Y
LP001325,Male,No,0.0,Not Graduate,No,3463,0.0,27,120,1,Semiurban,Y
LP001326,Male,No,0.0,Graduate,No,7490,0.0,158,360,1,Urban,N
LP001327,Female,Yes,0.0,Graduate,No,3561,2302.0,139,360,1,Semiurban,Y
LP001333,Male,Yes,0.0,Graduate,Yes,3011,997.0,63,360,1,Semiurban,Y
LP001334,Male,Yes,0.0,Not Graduate,Yes,4782,0.0,125,180,0,Semiurban,Y
LP001343,Male,Yes,0.0,Graduate,No,1872,3541.0,138,360,0,Semiurban,Y
LP001345,Male,Yes,2.0,Not Graduate,No,4110,3263.0,166,180,1,Urban,Y
LP001349,Male,No,0.0,Graduate,Yes,5483,3806.0,161,360,1,Semiurban,Y
LP001350,Male,Yes,2.0,Graduate,No,20348,0.0,124,360,1,Urban,Y
LP001356,Male,Yes,0.0,Graduate,No,4844,3583.0,107,360,1,Semiurban,Y
LP001367,Male,Yes,1.0,Graduate,No,3891,1030.0,108,360,1,Urban,Y
LP001369,Male,Yes,2.0,Graduate,No,13656,1126.0,277,360,1,Urban,Y
LP001370,Male,No,0.0,Not Graduate,Yes,3767,0.0,167,360,1,Rural,N
LP001379,Male,Yes,2.0,Graduate,No,3282,3600.0,249,360,1,Urban,N
LP001384,Male,Yes,3.0,Not Graduate,No,2307,754.0,95,480,1,Semiurban,Y
LP001385,Male,No,0.0,Graduate,No,5950,0.0,129,360,0,Urban,Y
LP001387,Female,Yes,0.0,Graduate,No,3547,2333.0,123,360,1,Semiurban,Y
LP001391,Male,Yes,0.0,Not Graduate,Yes,2855,4114.0,148,360,1,Rural,N
LP001392,Female,No,1.0,Graduate,No,9140,0.0,128,360,1,Semiurban,Y
LP001398,Male,No,0.0,Graduate,No,6335,0.0,117,360,1,Semiurban,Y
LP001401,Male,Yes,1.0,Graduate,No,18415,0.0,222,180,0,Rural,Y
LP001404,Female,Yes,0.0,Graduate,No,3535,2283.0,191,360,1,Semiurban,Y
LP001405,Male,Yes,1.0,Graduate,Yes,2254,1398.0,86,360,1,Urban,Y
LP001421,Male,Yes,0.0,Graduate,No,4836,2142.0,250,360,1,Rural,N
LP001422,Female,No,0.0,Graduate,No,12833,0.0,239,360,1,Urban,Y
LP001426,Male,Yes,2.0,Graduate,No,6061,2667.0,185,360,1,Rural,Y
LP001430,Female,No,0.0,Graduate,Yes,5872,0.0,49,360,1,Semiurban,Y
LP001431,Female,No,0.0,Graduate,No,2693,8980.0,134,360,0,Semiurban,Y
LP001432,Male,Yes,2.0,Graduate,Yes,4152,0.0,89,360,1,Semiurban,Y
LP001439,Male,Yes,0.0,Not Graduate,No,4201,2014.0,218,360,1,Rural,Y
LP001443,Female,No,0.0,Graduate,No,4953,0.0,85,360,1,Rural,Y
LP001449,Male,No,0.0,Graduate,No,4350,1640.0,111,360,1,Rural,Y
LP001451,Male,Yes,1.0,Graduate,No,8261,3850.0,142,180,0,Urban,N
LP001465,Male,Yes,0.0,Graduate,No,3904,2569.0,194,360,1,Rural,N
LP001469,Male,No,0.0,Graduate,No,23108,0.0,842,480,1,Urban,Y
LP001473,Male,No,0.0,Graduate,No,2459,1929.0,74,360,1,Urban,Y
LP001478,Male,No,0.0,Graduate,No,2688,0.0,80,360,1,Semiurban,Y
LP001482,Male,Yes,0.0,Graduate,No,3812,0.0,25,120,1,Semiurban,Y
LP001487,Male,No,0.0,Graduate,No,5966,0.0,105,360,1,Semiurban,Y
LP001488,Male,Yes,3.0,Graduate,Yes,3501,7750.0,353,360,1,Semiurban,N
LP001489,Female,Yes,0.0,Graduate,No,4112,0.0,105,360,1,Rural,N
LP001491,Male,Yes,2.0,Graduate,No,2974,3500.0,108,360,1,Urban,Y
LP001492,Male,No,0.0,Graduate,No,17525,0.0,301,360,1,Semiurban,N
LP001493,Male,Yes,2.0,Not Graduate,No,2564,1430.0,158,360,1,Rural,N
LP001497,Male,Yes,2.0,Graduate,No,4213,2083.0,224,360,1,Rural,N
LP001498,Male,No,0.0,Graduate,No,4993,0.0,172,360,1,Urban,Y
LP001504,Male,No,0.0,Graduate,No,8573,0.0,148,180,1,Semiurban,Y
LP001507,Male,Yes,0.0,Graduate,No,3629,2034.0,155,360,1,Semiurban,Y
LP001508,Male,Yes,2.0,Graduate,No,11772,0.0,209,180,1,Urban,Y
LP001514,Female,Yes,0.0,Graduate,No,2801,4486.0,121,360,1,Semiurban,Y
LP001516,Female,Yes,2.0,Graduate,No,17165,0.0,77,360,1,Urban,Y
LP001518,Male,Yes,1.0,Graduate,Yes,1476,1425.0,27,360,1,Urban,Y
LP001519,Female,No,0.0,Graduate,No,8458,1666.0,267,360,0,Rural,N
LP001520,Male,Yes,0.0,Graduate,No,5253,830.0,115,360,0,Semiurban,Y
LP001528,Male,No,0.0,Graduate,No,4940,0.0,131,360,1,Rural,N
LP001529,Male,Yes,0.0,Graduate,No,3031,3750.0,170,360,1,Rural,Y
LP001531,Male,No,0.0,Graduate,No,8445,0.0,335,360,1,Urban,N
LP001532,Male,Yes,2.0,Not Graduate,No,1414,0.0,174,360,0,Rural,N
LP001535,Male,No,0.0,Graduate,No,3587,0.0,49,360,1,Urban,Y
LP001536,Male,Yes,3.0,Graduate,No,51660,0.0,515,180,0,Semiurban,Y
LP001541,Male,Yes,1.0,Graduate,No,7848,0.0,214,360,1,Rural,Y
LP001543,Male,Yes,1.0,Graduate,No,11272,0.0,176,360,1,Urban,Y
LP001546,Male,No,0.0,Graduate,No,2961,2083.0,152,360,1,Rural,Y
LP001552,Male,Yes,0.0,Graduate,No,5133,5625.0,297,360,1,Semiurban,Y
LP001560,Male,Yes,0.0,Not Graduate,No,1742,1041.0,87,360,0,Semiurban,Y
LP001562,Male,Yes,0.0,Graduate,Yes,6476,0.0,270,360,1,Urban,N
LP001565,Male,Yes,1.0,Graduate,No,3073,1280.0,126,360,1,Semiurban,N
LP001570,Male,Yes,2.0,Graduate,No,4436,1447.0,161,360,0,Rural,Y
LP001572,Male,Yes,0.0,Graduate,Yes,12626,0.0,72,180,0,Urban,Y
LP001574,Male,Yes,0.0,Graduate,No,5178,3166.0,185,360,1,Rural,Y
LP001577,Female,Yes,0.0,Graduate,Yes,4442,0.0,125,360,1,Rural,N
LP001578,Male,Yes,0.0,Graduate,No,2420,3333.0,142,360,1,Rural,Y
LP001579,Male,No,0.0,Graduate,No,1706,0.0,86,480,1,Semiurban,N
LP001580,Male,Yes,2.0,Graduate,No,9818,0.0,156,360,1,Semiurban,Y
LP001581,Male,Yes,0.0,Not Graduate,Yes,1579,1769.0,93,360,1,Rural,Y
LP001586,Male,Yes,3.0,Not Graduate,No,3736,0.0,95,180,1,Rural,N
LP001594,Male,Yes,0.0,Graduate,No,5599,5625.0,193,360,1,Semiurban,Y
LP001603,Male,Yes,0.0,Not Graduate,No,3697,736.0,102,360,1,Semiurban,N
LP001606,Male,Yes,0.0,Graduate,Yes,4951,1964.0,113,360,1,Rural,Y
LP001608,Male,Yes,2.0,Graduate,No,2522,1619.0,104,360,1,Rural,Y
LP001610,Male,Yes,3.0,Graduate,No,3736,11300.0,559,360,0,Semiurban,N
LP001616,Male,Yes,1.0,Graduate,Yes,5373,0.0,114,360,0,Semiurban,Y
LP001630,Male,No,0.0,Not Graduate,No,1862,1451.0,97,480,0,Urban,N
LP001633,Male,Yes,1.0,Graduate,No,4304,7250.0,239,360,0,Urban,N
LP001634,Male,No,0.0,Graduate,No,1441,5063.0,75,360,1,Rural,N
LP001636,Male,Yes,0.0,Graduate,No,5448,0.0,69,180,0,Semiurban,Y
LP001637,Male,Yes,1.0,Graduate,No,35696,0.0,272,360,0,Semiurban,N
LP001639,Female,Yes,0.0,Graduate,No,4783,0.0,112,360,1,Semiurban,Y
LP001640,Male,Yes,0.0,Graduate,No,40343,4750.0,119,360,0,Semiurban,Y
LP001641,Male,Yes,1.0,Graduate,No,1965,0.0,89,300,0,Rural,N
LP001643,Male,Yes,0.0,Graduate,No,2573,2138.0,64,360,0,Rural,Y
LP001647,Male,Yes,0.0,Graduate,No,10209,0.0,200,180,1,Rural,Y
LP001653,Male,No,0.0,Not Graduate,No,5378,0.0,51,360,0,Rural,Y
LP001656,Male,No,0.0,Graduate,No,11825,0.0,164,360,1,Semiurban,N
LP001657,Male,Yes,0.0,Not Graduate,No,5391,0.0,191,360,1,Urban,N
LP001658,Male,No,0.0,Graduate,Yes,5141,0.0,76,360,1,Semiurban,Y
LP001664,Male,No,0.0,Graduate,No,4688,0.0,147,360,0,Rural,Y
LP001665,Male,Yes,1.0,Graduate,Yes,2264,2583.0,184,360,0,Semiurban,N
LP001666,Male,No,0.0,Graduate,No,10370,3750.0,156,360,1,Rural,Y
LP001669,Female,No,0.0,Not Graduate,No,1661,2365.0,127,360,1,Urban,Y
LP001671,Female,Yes,0.0,Graduate,No,3535,2816.0,137,360,1,Semiurban,Y
LP001673,Male,No,0.0,Graduate,No,9353,0.0,114,360,0,Urban,N
LP001674,Male,Yes,1.0,Not Graduate,No,2647,2500.0,85,360,1,Semiurban,Y
LP001677,Male,No,2.0,Graduate,No,6075,0.0,163,360,1,Semiurban,Y
LP001682,Male,Yes,3.0,Not Graduate,No,2924,0.0,181,180,0,Urban,N
LP001688,Male,Yes,1.0,Not Graduate,No,3802,1083.0,121,360,1,Urban,Y
LP001691,Male,Yes,2.0,Not Graduate,Yes,3701,0.0,119,360,1,Semiurban,Y
LP001692,Female,No,0.0,Not Graduate,Yes,4552,0.0,115,360,0,Semiurban,Y
LP001693,Female,No,0.0,Graduate,Yes,3372,0.0,98,360,1,Urban,Y
LP001698,Male,No,0.0,Not Graduate,No,3834,2531.0,45,360,1,Rural,Y
LP001699,Male,No,0.0,Graduate,No,2226,0.0,61,360,1,Urban,Y
LP001702,Male,No,0.0,Graduate,No,2331,0.0,165,360,1,Semiurban,N
LP001708,Female,No,0.0,Graduate,No,9496,0.0,260,360,1,Semiurban,N
LP001711,Male,Yes,3.0,Graduate,No,2939,1250.0,186,360,1,Semiurban,N
LP001713,Male,Yes,1.0,Graduate,No,8761,0.0,258,360,1,Urban,Y
LP001715,Male,Yes,3.0,Not Graduate,Yes,5365,0.0,123,360,1,Rural,Y
LP001716,Male,Yes,0.0,Graduate,No,3349,3021.0,148,360,0,Urban,Y
LP001720,Male,Yes,3.0,Not Graduate,No,3666,983.0,86,360,1,Semiurban,Y
LP001722,Male,Yes,0.0,Graduate,No,147,1800.0,145,360,1,Rural,N
LP001726,Male,Yes,0.0,Graduate,Yes,4399,1775.0,139,360,1,Semiurban,Y
LP001732,Male,Yes,2.0,Graduate,No,4948,0.0,98,360,1,Semiurban,N
LP001734,Female,Yes,2.0,Graduate,No,4151,2383.0,156,360,1,Semiurban,Y
LP001736,Male,Yes,0.0,Graduate,No,1897,0.0,94,360,0,Urban,N
LP001743,Male,Yes,2.0,Graduate,No,4063,1717.0,137,360,1,Semiurban,Y
LP001744,Male,No,0.0,Graduate,No,2972,2791.0,144,360,1,Semiurban,Y
LP001749,Male,Yes,0.0,Graduate,No,7142,1010.0,162,360,1,Semiurban,Y
LP001750,Male,Yes,0.0,Graduate,Yes,5441,0.0,166,360,0,Semiurban,Y
LP001751,Male,Yes,0.0,Graduate,No,2658,0.0,172,360,0,Rural,N
LP001754,Male,Yes,2.0,Not Graduate,No,4089,0.0,181,360,1,Urban,N
LP001758,Male,Yes,2.0,Graduate,No,8151,1695.0,209,360,1,Semiurban,Y
LP001761,Male,No,0.0,Graduate,No,9233,0.0,222,360,1,Rural,Y
LP001765,Male,Yes,1.0,Graduate,No,2416,2054.0,124,360,0,Semiurban,Y
LP001768,Male,Yes,0.0,Graduate,No,4546,0.0,41,180,1,Rural,Y
LP001770,Male,No,0.0,Not Graduate,No,3361,2598.0,129,360,1,Rural,Y
LP001776,Female,No,0.0,Graduate,No,7854,0.0,324,360,1,Semiurban,Y
LP001778,Male,Yes,1.0,Graduate,No,4042,1779.0,162,360,1,Semiurban,Y
LP001784,Male,Yes,1.0,Graduate,No,7327,1260.0,174,360,1,Rural,Y
LP001786,Male,Yes,0.0,Graduate,No,4010,0.0,366,360,1,Urban,N
LP001788,Female,No,0.0,Graduate,No,4086,0.0,121,360,1,Urban,Y
LP001790,Female,No,1.0,Graduate,No,3819,0.0,124,360,1,Rural,Y
LP001792,Male,Yes,1.0,Graduate,No,4004,0.0,95,360,1,Semiurban,Y
LP001798,Male,Yes,2.0,Graduate,No,6901,5000.0,131,360,1,Rural,Y
LP001800,Male,Yes,1.0,Not Graduate,Yes,2414,1983.0,169,180,1,Urban,N
LP001806,Male,No,0.0,Graduate,Yes,3482,5701.0,172,60,1,Urban,Y
LP001807,Male,Yes,2.0,Graduate,No,6705,1300.0,104,360,1,Rural,Y
LP001811,Male,Yes,0.0,Not Graduate,Yes,2864,4417.0,115,360,0,Semiurban,Y
LP001813,Male,No,0.0,Graduate,No,5789,4333.0,148,180,0,Urban,N
LP001814,Male,Yes,2.0,Graduate,No,8724,0.0,97,360,1,Urban,Y
LP001819,Male,Yes,1.0,Not Graduate,No,6038,0.0,158,180,1,Urban,Y
LP001824,Male,Yes,1.0,Graduate,No,2961,1843.0,126,480,1,Semiurban,Y
LP001825,Male,Yes,0.0,Graduate,Yes,1894,1868.0,92,360,0,Urban,Y
LP001835,Male,Yes,0.0,Not Graduate,Yes,927,3890.0,272,360,1,Semiurban,N
LP001836,Female,No,2.0,Graduate,No,3185,0.0,141,360,1,Urban,N
LP001841,Male,No,0.0,Not Graduate,No,1981,2167.0,109,360,0,Rural,Y
LP001843,Male,Yes,1.0,Not Graduate,Yes,2505,7101.0,324,180,1,Semiurban,Y
LP001844,Male,No,0.0,Graduate,No,17483,0.0,189,360,0,Urban,N
LP001846,Female,No,3.0,Graduate,No,3753,0.0,211,360,0,Rural,Y
LP001849,Male,No,0.0,Not Graduate,No,5234,0.0,139,360,1,Rural,N
LP001854,Male,Yes,3.0,Graduate,No,3670,0.0,111,360,0,Urban,N
LP001859,Male,Yes,0.0,Graduate,No,9932,2100.0,372,360,0,Rural,N
LP001864,Male,Yes,3.0,Not Graduate,No,3137,0.0,138,360,0,Semiurban,N
LP001865,Male,Yes,1.0,Graduate,No,7238,4250.0,375,360,0,Urban,Y
LP001868,Male,No,0.0,Graduate,No,2243,2209.0,133,360,1,Semiurban,Y
LP001870,Female,No,1.0,Graduate,No,2777,0.0,164,36,1,Semiurban,N
LP001871,Female,No,0.0,Graduate,No,6704,0.0,145,360,1,Rural,Y
LP001872,Male,No,0.0,Graduate,Yes,6035,0.0,150,360,1,Semiurban,Y
LP001875,Male,No,0.0,Graduate,No,4566,3447.0,183,360,1,Rural,Y
LP001877,Male,Yes,2.0,Graduate,No,4523,1387.0,161,360,1,Semiurban,Y
LP001882,Male,Yes,3.0,Graduate,No,3999,1811.0,131,360,0,Urban,Y
LP001883,Female,No,0.0,Graduate,No,2922,0.0,192,360,1,Rural,N
LP001884,Female,No,1.0,Graduate,No,2827,1560.0,95,360,1,Urban,Y
LP001888,Female,No,0.0,Graduate,No,3101,0.0,35,360,0,Urban,Y
LP001891,Male,Yes,0.0,Graduate,No,12022,0.0,138,360,1,Urban,Y
LP001892,Male,No,0.0,Graduate,No,2988,1857.0,119,360,1,Rural,Y
LP001894,Male,Yes,0.0,Graduate,Yes,2239,2223.0,128,360,1,Semiurban,Y
LP001896,Male,Yes,2.0,Graduate,No,5081,0.0,87,360,1,Semiurban,Y
LP001900,Male,Yes,1.0,Graduate,No,3214,1842.0,118,360,0,Semiurban,Y
LP001903,Male,Yes,0.0,Graduate,No,3772,3274.0,191,360,1,Semiurban,Y
LP001904,Male,Yes,0.0,Graduate,No,2959,1300.0,73,360,1,Urban,Y
LP001907,Male,Yes,0.0,Graduate,No,16258,0.0,488,360,1,Semiurban,Y
LP001908,Female,Yes,0.0,Not Graduate,No,4695,0.0,108,360,1,Rural,Y
LP001910,Male,No,1.0,Not Graduate,Yes,4053,2426.0,183,360,1,Urban,N
LP001914,Male,Yes,0.0,Graduate,No,4580,800.0,113,360,1,Semiurban,Y
LP001915,Male,Yes,2.0,Graduate,No,2364,985.7999878,94,180,0,Urban,Y
LP001917,Female,No,0.0,Graduate,No,1884,1666.0,54,360,1,Urban,Y
LP001922,Male,Yes,0.0,Graduate,No,20355,0.0,143,360,1,Rural,N
LP001924,Male,No,0.0,Graduate,No,4210,3053.0,101,360,1,Rural,Y
LP001925,Female,No,0.0,Graduate,No,1900,1717.0,130,300,1,Semiurban,N
LP001926,Male,Yes,0.0,Graduate,No,5167,2000.0,121,360,0,Rural,Y
LP001931,Female,No,0.0,Graduate,No,5128,0.0,106,360,0,Semiurban,Y
LP001935,Male,No,0.0,Graduate,No,12818,0.0,220,360,1,Rural,Y
LP001936,Male,Yes,0.0,Graduate,No,2805,2416.0,123,360,1,Rural,Y
LP001938,Male,Yes,2.0,Graduate,No,3379,0.0,150,360,1,Semiurban,N
LP001940,Male,Yes,2.0,Graduate,No,4679,1560.0,137,360,1,Urban,Y
LP001945,Female,No,2.0,Graduate,No,4739,0.0,155,480,1,Urban,N
LP001947,Male,Yes,0.0,Graduate,No,2332,3334.0,170,360,1,Semiurban,Y
LP001949,Male,Yes,3.0,Graduate,Yes,5284,1250.0,146,360,1,Urban,Y
LP001953,Male,Yes,1.0,Graduate,No,8966,0.0,207,360,1,Semiurban,Y
LP001954,Female,Yes,1.0,Graduate,No,4351,0.0,127,360,1,Urban,Y
LP001955,Female,No,0.0,Graduate,No,4463,2541.0,174,480,1,Rural,N
LP001963,Male,Yes,1.0,Graduate,No,1904,2925.0,116,360,0,Urban,N
LP001964,Male,Yes,0.0,Not Graduate,No,1712,2934.0,101,360,0,Urban,N
LP001972,Male,Yes,2.0,Not Graduate,No,2844,1750.0,89,360,1,Semiurban,Y
LP001974,Female,No,0.0,Graduate,No,6281,0.0,119,360,0,Rural,Y
LP001977,Male,Yes,1.0,Graduate,No,2087,1803.0,104,360,1,Urban,Y
LP001978,Male,No,0.0,Graduate,No,5255,2500.0,186,360,1,Rural,Y
LP001990,Male,No,0.0,Not Graduate,No,1798,0.0,142,360,1,Urban,N
LP001993,Female,No,0.0,Graduate,No,5106,1666.0,153,360,0,Rural,Y
LP001994,Female,No,0.0,Graduate,No,1995,1863.0,98,360,1,Urban,N
LP001996,Male,No,0.0,Graduate,No,13855,0.0,541,360,0,Rural,N
LP001998,Male,Yes,2.0,Not Graduate,No,7639,0.0,194,360,0,Rural,Y
LP002002,Female,No,0.0,Graduate,No,2920,0.0,93,360,1,Semiurban,Y
LP002004,Male,No,0.0,Not Graduate,No,3623,2405.0,112,360,1,Semiurban,Y
LP002006,Female,No,0.0,Graduate,No,3180,0.0,55,360,1,Rural,Y
LP002008,Male,Yes,2.0,Graduate,No,5289,0.0,141,84,0,Rural,Y
LP002031,Male,Yes,1.0,Not Graduate,Yes,3182,1640.0,141,180,1,Urban,Y
LP002035,Male,Yes,2.0,Graduate,No,4858,0.0,139,360,1,Semiurban,Y
LP002036,Male,Yes,0.0,Graduate,No,2929,2134.0,94,360,0,Urban,Y
LP002043,Female,No,1.0,Graduate,No,4277,0.0,125,360,1,Semiurban,Y
LP002050,Male,Yes,1.0,Graduate,Yes,7750,0.0,181,360,1,Rural,N
LP002051,Male,Yes,0.0,Graduate,No,2681,2167.0,124,360,0,Semiurban,Y
LP002053,Male,Yes,3.0,Graduate,No,4980,189.0,145,360,1,Semiurban,Y
LP002054,Male,Yes,2.0,Not Graduate,No,2947,1590.0,113,360,1,Rural,Y
LP002055,Female,No,0.0,Graduate,No,4135,2985.0,140,360,1,Rural,Y
LP002065,Male,Yes,3.0,Graduate,No,19086,0.0,367,360,0,Rural,Y
LP002067,Male,Yes,1.0,Graduate,No,8274,4983.0,567,360,1,Rural,N
LP002068,Male,No,0.0,Graduate,No,5915,0.0,137,360,1,Rural,Y
LP002082,Male,Yes,0.0,Graduate,No,7696,2160.0,247,360,0,Semiurban,Y
LP002086,Female,Yes,0.0,Graduate,Yes,3369,2451.0,157,360,1,Urban,N
LP002087,Female,No,0.0,Graduate,No,2398,0.0,56,360,1,Urban,Y
LP002097,Male,No,1.0,Graduate,Yes,6010,1793.0,139,360,1,Urban,Y
LP002098,Male,No,0.0,Graduate,Yes,4214,0.0,115,360,1,Semiurban,Y
LP002100,Male,No,2.0,Graduate,No,3466,0.0,74,360,1,Urban,Y
LP002101,Male,Yes,0.0,Graduate,No,84967,0.0,447,180,1,Urban,Y
LP002106,Male,Yes,2.0,Graduate,Yes,6230,4490.0,70,360,1,Semiurban,Y
LP002110,Male,Yes,1.0,Graduate,No,4686,688.0,150,360,1,Rural,Y
LP002112,Male,Yes,2.0,Graduate,No,3132,4600.0,146,360,1,Rural,Y
LP002113,Female,No,3.0,Not Graduate,Yes,1056,0.0,143,360,1,Urban,N
LP002114,Female,No,0.0,Graduate,No,4831,0.0,71,360,1,Semiurban,Y
LP002115,Male,Yes,3.0,Not Graduate,No,1455,1587.0,176,360,0,Rural,N
LP002116,Female,No,0.0,Graduate,No,2266,0.0,59,360,0,Rural,N
LP002119,Male,Yes,1.0,Not Graduate,No,4198,1229.0,154,360,0,Urban,Y
LP002126,Male,Yes,3.0,Not Graduate,No,3968,0.0,65,360,1,Semiurban,Y
LP002128,Male,Yes,2.0,Graduate,No,2895,2330.0,136,360,1,Rural,Y
LP002129,Male,Yes,0.0,Graduate,No,3010,2458.0,202,360,0,Semiurban,Y
LP002130,Male,Yes,2.0,Not Graduate,No,3293,3230.0,217,360,1,Rural,N
LP002131,Male,Yes,2.0,Not Graduate,Yes,3093,2168.0,145,360,1,Urban,Y
LP002137,Male,Yes,0.0,Graduate,No,8176,4583.0,242,360,1,Semiurban,Y
LP002138,Male,Yes,0.0,Graduate,No,3583,6250.0,188,360,1,Rural,Y
LP002139,Male,Yes,0.0,Graduate,No,8864,0.0,225,360,1,Semiurban,Y
LP002140,Male,No,0.0,Graduate,No,9063,4167.0,424,360,1,Rural,N
LP002141,Male,Yes,3.0,Graduate,No,3236,2083.0,98,360,1,Rural,Y
LP002142,Female,Yes,0.0,Graduate,No,3717,0.0,118,360,0,Rural,N
LP002143,Female,Yes,0.0,Graduate,No,3013,505.0,136,360,1,Semiurban,Y
LP002144,Female,No,2.0,Graduate,No,4592,0.0,115,180,0,Urban,Y
LP002149,Male,Yes,2.0,Graduate,No,9175,3167.0,173,360,0,Rural,Y
LP002151,Male,Yes,1.0,Graduate,No,4207,0.0,80,360,1,Urban,N
LP002158,Male,Yes,0.0,Not Graduate,No,2644,1666.0,106,480,1,Urban,N
LP002160,Male,Yes,3.0,Graduate,No,6817,3167.0,225,360,1,Semiurban,Y
LP002161,Female,No,1.0,Graduate,No,4551,0.0,108,360,1,Semiurban,N
LP002170,Male,Yes,2.0,Graduate,No,5718,3667.0,244,360,0,Semiurban,Y
LP002175,Male,Yes,0.0,Graduate,No,4469,2333.0,113,360,1,Urban,Y
LP002178,Male,Yes,0.0,Graduate,No,3634,3033.0,91,300,1,Urban,Y
LP002180,Male,No,0.0,Graduate,No,6538,0.0,175,360,0,Rural,Y
LP002181,Male,No,0.0,Not Graduate,No,4848,0.0,190,360,1,Rural,N
LP002187,Male,No,0.0,Graduate,No,2815,0.0,137,480,1,Semiurban,N
LP002188,Male,No,0.0,Graduate,No,5155,0.0,179,360,1,Rural,N
LP002190,Male,Yes,1.0,Graduate,No,6423,0.0,187,360,1,Semiurban,Y
LP002191,Male,Yes,0.0,Graduate,No,17035,5266.0,754,360,1,Rural,N
LP002194,Female,No,0.0,Graduate,No,16246,0.0,49,360,1,Semiurban,Y
LP002197,Male,Yes,2.0,Graduate,No,6295,0.0,177,360,1,Semiurban,Y
LP002201,Male,Yes,2.0,Graduate,No,11133,7873.0,456,300,1,Rural,Y
LP002205,Male,No,1.0,Graduate,No,2404,1987.0,172,180,1,Urban,N
LP002209,Female,No,0.0,Graduate,No,3979,1459.0,109,360,1,Urban,Y
LP002211,Male,Yes,0.0,Graduate,No,6290,923.0,125,180,1,Urban,Y
LP002219,Male,Yes,3.0,Graduate,No,10010,4996.0,148,360,1,Rural,Y
LP002223,Male,Yes,0.0,Graduate,No,5396,0.0,112,360,0,Semiurban,Y
LP002224,Male,No,0.0,Graduate,No,3010,0.0,90,480,1,Urban,N
LP002225,Male,Yes,2.0,Graduate,No,6027,0.0,136,360,1,Urban,Y
LP002226,Male,Yes,0.0,Graduate,No,4009,2500.0,148,360,1,Semiurban,Y
LP002229,Male,No,0.0,Graduate,Yes,7123,4232.0,334,360,1,Semiurban,Y
LP002231,Female,No,0.0,Graduate,No,7223,0.0,186,360,1,Urban,Y
LP002234,Male,No,0.0,Graduate,Yes,9361,0.0,128,360,1,Urban,Y
LP002236,Male,Yes,2.0,Graduate,No,3621,0.0,100,360,1,Urban,N
LP002237,Male,No,1.0,Graduate,Yes,4648,0.0,100,180,1,Urban,Y
LP002239,Male,No,0.0,Not Graduate,No,1899,1600.0,142,360,0,Semiurban,Y
LP002243,Male,Yes,0.0,Not Graduate,Yes,2485,3136.0,185,360,1,Urban,N
LP002244,Male,Yes,0.0,Graduate,No,2455,2417.0,158,360,1,Urban,Y
LP002250,Male,Yes,0.0,Graduate,No,4942,0.0,123,360,0,Rural,Y
LP002255,Male,No,3.0,Graduate,No,11698,0.0,183,360,1,Rural,Y
LP002262,Male,Yes,3.0,Graduate,No,9658,0.0,367,360,1,Rural,Y
LP002263,Male,Yes,0.0,Graduate,Yes,3662,2115.0,119,360,0,Urban,Y
LP002265,Male,Yes,2.0,Not Graduate,No,2258,1625.0,113,180,0,Semiurban,Y
LP002266,Male,Yes,2.0,Graduate,Yes,3702,1400.0,115,360,1,Urban,Y
LP002272,Male,Yes,2.0,Graduate,No,4041,484.0,123,360,1,Semiurban,Y
LP002277,Female,No,0.0,Graduate,Yes,2939,0.0,79,360,0,Urban,N
LP002281,Male,Yes,0.0,Graduate,No,3453,1459.0,102,360,1,Urban,Y
LP002284,Male,No,0.0,Not Graduate,No,5158,1666.0,114,360,0,Rural,Y
LP002287,Female,No,0.0,Graduate,No,1274,1800.0,128,360,1,Semiurban,N
LP002288,Male,Yes,2.0,Not Graduate,No,2200,0.0,70,180,0,Urban,N
LP002296,Male,No,0.0,Not Graduate,No,2596,0.0,75,300,1,Rural,N
LP002297,Male,No,0.0,Graduate,No,2300,20000.0,125,360,0,Semiurban,Y
LP002300,Female,No,0.0,Not Graduate,No,2309,0.0,62,360,1,Semiurban,Y
LP002301,Female,No,0.0,Graduate,No,4366,0.0,247,360,1,Rural,N
LP002305,Female,No,0.0,Graduate,Yes,5436,0.0,129,360,1,Semiurban,Y
LP002308,Male,Yes,0.0,Not Graduate,No,2066,2400.0,141,360,1,Urban,Y
LP002314,Female,No,0.0,Not Graduate,Yes,2268,0.0,78,360,1,Rural,Y
LP002315,Male,Yes,1.0,Graduate,Yes,8477,0.0,147,300,1,Semiurban,N
LP002317,Male,Yes,3.0,Graduate,No,55049,0.0,458,360,1,Rural,N
LP002318,Female,No,1.0,Not Graduate,No,3338,0.0,65,360,1,Semiurban,N
LP002319,Male,Yes,0.0,Graduate,No,8491,0.0,179,360,0,Urban,Y
LP002328,Male,Yes,0.0,Not Graduate,No,5283,0.0,295,360,1,Rural,N
LP002332,Male,Yes,0.0,Not Graduate,No,2631,2033.0,126,360,1,Rural,Y
LP002335,Female,Yes,0.0,Not Graduate,No,1344,3237.0,240,360,0,Semiurban,N
LP002337,Female,No,0.0,Graduate,No,3436,0.0,49,360,1,Urban,Y
LP002341,Female,No,1.0,Graduate,No,2086,0.0,173,360,0,Urban,N
LP002342,Male,Yes,2.0,Graduate,No,1735,20000.0,245,360,0,Urban,N
LP002345,Male,Yes,0.0,Graduate,Yes,989,2773.0,126,360,1,Rural,Y
LP002347,Male,Yes,0.0,Graduate,No,3697,1417.0,156,360,1,Semiurban,Y
LP002348,Male,Yes,0.0,Graduate,No,7797,0.0,161,360,1,Rural,Y
LP002357,Female,No,0.0,Not Graduate,No,2299,0.0,91,360,1,Urban,N
LP002361,Male,Yes,0.0,Graduate,No,1949,1719.0,98,360,1,Urban,Y
LP002362,Male,Yes,1.0,Graduate,No,7651,1667.0,135,360,0,Urban,N
LP002364,Male,Yes,0.0,Graduate,No,15061,0.0,113,360,1,Semiurban,Y
LP002366,Male,Yes,0.0,Graduate,No,3283,4300.0,140,360,1,Rural,Y
LP002367,Female,No,1.0,Not Graduate,No,3519,0.0,82,360,0,Rural,N
LP002368,Male,Yes,2.0,Graduate,No,8281,0.0,115,360,1,Semiurban,Y
LP002369,Male,Yes,0.0,Graduate,Yes,4213,16.12000084,76,360,0,Rural,Y
LP002370,Male,No,0.0,Not Graduate,Yes,2626,0.0,69,180,1,Urban,Y
LP002377,Female,No,1.0,Graduate,Yes,13291,0.0,187,360,1,Semiurban,Y
LP002379,Male,No,0.0,Graduate,No,4825,0.0,132,360,1,Rural,N
LP002386,Male,No,0.0,Graduate,No,15701,0.0,492,360,1,Semiurban,Y
LP002387,Male,Yes,0.0,Graduate,No,2887,2340.0,147,360,1,Semiurban,Y
LP002390,Male,No,0.0,Graduate,Yes,4811,0.0,96,360,0,Urban,Y
LP002398,Male,No,0.0,Graduate,Yes,2763,1851.0,43,360,0,Semiurban,Y
LP002401,Male,Yes,0.0,Graduate,Yes,3068,1125.0,135,360,0,Urban,Y
LP002403,Male,No,0.0,Graduate,No,8636,0.0,248,360,1,Urban,N
LP002407,Female,Yes,0.0,Not Graduate,Yes,6302,0.0,152,360,0,Rural,Y
LP002408,Male,No,0.0,Graduate,No,4831,5064.0,175,360,1,Semiurban,Y
LP002409,Male,Yes,0.0,Graduate,Yes,6817,1833.0,196,360,1,Rural,Y
LP002418,Male,No,3.0,Not Graduate,Yes,3535,1993.0,131,360,1,Semiurban,Y
LP002422,Male,No,1.0,Graduate,No,50805,0.0,176,360,1,Semiurban,Y
LP002424,Male,Yes,0.0,Graduate,Yes,6901,8333.0,190,300,1,Rural,Y
LP002429,Male,Yes,1.0,Graduate,No,3933,1210.0,128,360,0,Rural,Y
LP002434,Male,Yes,2.0,Not Graduate,No,6422,0.0,95,360,1,Rural,Y
LP002435,Male,Yes,0.0,Graduate,No,2169,1376.0,65,360,1,Rural,N
LP002443,Male,Yes,2.0,Graduate,Yes,2810,1710.0,203,360,0,Rural,N
LP002444,Male,No,1.0,Not Graduate,Yes,2528,1542.0,203,360,1,Semiurban,N
LP002446,Male,Yes,2.0,Not Graduate,No,1378,1255.0,130,360,0,Rural,N
LP002447,Male,Yes,2.0,Not Graduate,No,2005,1456.0,76,300,1,Urban,Y
LP002448,Male,Yes,0.0,Graduate,No,3868,1733.0,174,360,1,Rural,N
LP002449,Male,Yes,0.0,Graduate,No,2927,2466.0,75,180,1,Rural,Y
LP002453,Male,No,0.0,Graduate,No,8490,0.0,89,360,1,Semiurban,Y
LP002455,Male,Yes,2.0,Graduate,Yes,5561,0.0,108,360,1,Semiurban,Y
LP002459,Male,Yes,0.0,Graduate,No,3789,0.0,100,360,1,Urban,Y
LP002467,Male,Yes,0.0,Graduate,No,4206,2569.0,223,360,1,Urban,N
LP002472,Male,No,2.0,Graduate,No,5571,0.0,111,360,1,Rural,Y
LP002473,Male,Yes,0.0,Graduate,No,4984,0.0,167,360,1,Semiurban,N
LP002484,Male,Yes,3.0,Graduate,No,7797,0.0,147,180,1,Urban,Y
LP002487,Male,Yes,0.0,Graduate,No,3855,2188.0,123,360,1,Rural,Y
LP002489,Female,No,1.0,Not Graduate,Yes,5631,0.0,139,360,1,Semiurban,Y
LP002493,Male,No,0.0,Graduate,No,3717,0.0,126,360,1,Semiurban,N
LP002494,Male,No,0.0,Graduate,No,5906,0.0,158,360,1,Rural,Y
LP002500,Male,Yes,3.0,Not Graduate,No,1663,1664.0,107,180,0,Urban,N
LP002502,Female,Yes,2.0,Not Graduate,No,175,2917.0,103,360,1,Semiurban,Y
LP002505,Male,Yes,0.0,Graduate,No,4349,2451.0,137,360,1,Urban,N
LP002515,Male,Yes,1.0,Graduate,No,3634,2079.0,168,360,1,Semiurban,Y
LP002517,Male,Yes,1.0,Not Graduate,No,2187,1500.0,136,180,1,Rural,N
LP002519,Male,Yes,3.0,Graduate,No,6650,0.0,104,360,1,Semiurban,Y
LP002522,Female,No,0.0,Graduate,Yes,2358,0.0,80,360,1,Urban,Y
LP002524,Male,No,2.0,Graduate,No,4594,4648.0,166,360,1,Rural,Y
LP002527,Male,Yes,2.0,Graduate,Yes,16744,1014.0,168,360,1,Rural,Y
LP002529,Male,Yes,2.0,Graduate,Yes,7883,1750.0,282,300,1,Semiurban,Y
LP002531,Male,Yes,1.0,Graduate,No,15781,2250.0,86,360,0,Semiurban,Y
LP002533,Male,Yes,2.0,Graduate,Yes,1881,1603.0,151,360,1,Urban,N
LP002534,Female,No,0.0,Not Graduate,No,3906,0.0,180,360,1,Rural,Y
LP002536,Male,Yes,3.0,Not Graduate,No,2442,0.0,114,360,0,Rural,Y
LP002537,Male,Yes,0.0,Graduate,No,1829,3150.0,136,360,0,Semiurban,Y
LP002541,Male,Yes,0.0,Graduate,No,9683,0.0,240,360,1,Semiurban,Y
LP002543,Male,Yes,2.0,Graduate,No,10645,0.0,289,360,1,Semiurban,Y
LP002544,Male,Yes,1.0,Not Graduate,No,1731,2436.0,155,360,1,Rural,Y
LP002545,Male,No,2.0,Graduate,No,2990,0.0,121,360,1,Rural,N
LP002547,Male,Yes,1.0,Graduate,No,15031,0.0,657,360,1,Urban,N
LP002555,Male,Yes,2.0,Graduate,Yes,5451,2083.0,133,360,1,Semiurban,Y
LP002556,Male,No,0.0,Graduate,No,2246,0.0,97,360,1,Urban,N
LP002560,Male,No,0.0,Not Graduate,No,3013,2785.0,100,360,0,Semiurban,Y
LP002562,Male,Yes,1.0,Not Graduate,No,4963,1131.0,196,360,1,Urban,Y
LP002571,Male,No,0.0,Not Graduate,No,4424,0.0,129,360,1,Rural,Y
LP002582,Female,No,0.0,Not Graduate,Yes,22660,0.0,244,360,1,Semiurban,Y
LP002585,Male,Yes,0.0,Graduate,No,2635,2157.0,151,360,0,Rural,N
LP002586,Female,Yes,1.0,Graduate,No,2918,913.0,124,84,1,Semiurban,Y
LP002587,Male,Yes,0.0,Not Graduate,No,2869,1700.0,105,360,1,Rural,Y
LP002588,Male,Yes,0.0,Graduate,No,4067,2857.0,116,12,1,Urban,Y
LP002600,Male,Yes,1.0,Graduate,No,2664,0.0,100,360,1,Semiurban,Y
LP002602,Male,No,0.0,Graduate,No,5982,4416.0,321,360,1,Rural,N
LP002603,Female,No,0.0,Graduate,No,700,3683.0,96,480,1,Rural,Y
LP002606,Female,No,0.0,Graduate,No,3303,0.0,108,360,1,Semiurban,Y
LP002615,Male,Yes,2.0,Graduate,No,4892,5624.0,207,360,1,Semiurban,Y
LP002618,Male,Yes,1.0,Not Graduate,No,2559,5302.0,188,360,0,Rural,N
LP002619,Male,Yes,0.0,Not Graduate,No,2977,1483.0,121,300,1,Semiurban,Y
LP002622,Male,Yes,2.0,Graduate,No,4707,4416.0,282,360,1,Rural,Y
LP002624,Male,Yes,0.0,Graduate,No,26167,6667.0,421,360,1,Urban,Y
LP002626,Male,Yes,0.0,Graduate,Yes,3563,3013.0,230,360,1,Urban,Y
LP002634,Female,No,1.0,Graduate,Yes,16616,0.0,46,360,1,Urban,Y
LP002637,Male,No,0.0,Not Graduate,No,2552,1287.0,113,360,1,Rural,N
LP002640,Male,Yes,1.0,Graduate,No,5932,2004.0,293,360,1,Semiurban,Y
LP002643,Male,Yes,2.0,Graduate,No,4425,2035.0,132,360,1,Urban,Y
LP002648,Male,Yes,0.0,Graduate,No,1749,6666.0,92,180,1,Semiurban,N
LP002652,Male,No,0.0,Graduate,No,5480,3666.0,407,360,0,Rural,N
LP002659,Male,Yes,3.0,Graduate,No,4516,3428.0,168,360,0,Rural,Y
LP002670,Female,Yes,2.0,Graduate,No,2650,1632.0,128,480,0,Semiurban,Y
LP002682,Male,Yes,2.0,Not Graduate,No,2287,1800.0,160,360,1,Semiurban,N
LP002683,Male,No,0.0,Graduate,Yes,2841,1915.0,198,360,1,Semiurban,N
LP002684,Female,No,0.0,Not Graduate,No,2775,0.0,127,360,0,Rural,N
LP002689,Male,Yes,2.0,Not Graduate,No,1701,1742.0,41,360,1,Semiurban,Y
LP002690,Male,No,0.0,Graduate,No,2767,0.0,62,360,1,Semiurban,Y
LP002692,Male,Yes,3.0,Graduate,No,7445,1424.0,125,360,1,Rural,Y
LP002693,Male,Yes,2.0,Graduate,No,8831,7166.0,562,360,1,Rural,Y
LP002697,Male,No,0.0,Graduate,No,4104,2087.0,155,360,1,Semiurban,N
LP002699,Male,Yes,2.0,Graduate,No,16950,0.0,378,360,1,Rural,Y
LP002705,Male,Yes,0.0,Graduate,Yes,3620,0.0,88,360,0,Semiurban,Y
LP002706,Male,Yes,1.0,Not Graduate,No,4353,1430.0,155,360,1,Semiurban,Y
LP002714,Male,No,1.0,Not Graduate,No,2367,1302.0,91,360,1,Semiurban,Y
LP002716,Male,No,0.0,Not Graduate,Yes,5997,0.0,124,360,1,Semiurban,Y
LP002717,Male,Yes,0.0,Graduate,No,975,5500.0,215,360,1,Rural,Y
LP002720,Male,Yes,3.0,Graduate,No,4963,0.0,112,360,1,Urban,Y
LP002723,Male,No,2.0,Graduate,Yes,3043,0.0,137,360,1,Rural,N
LP002729,Male,No,1.0,Graduate,No,7964,0.0,228,360,0,Semiurban,N
LP002731,Female,No,0.0,Not Graduate,No,17914,0.0,129,360,0,Urban,Y
LP002732,Male,No,0.0,Not Graduate,No,2102,2042.0,113,360,1,Rural,Y
LP002734,Male,Yes,0.0,Graduate,Yes,6147,3906.0,408,360,1,Urban,Y
LP002738,Male,No,2.0,Graduate,No,4843,0.0,121,360,1,Semiurban,Y
LP002739,Male,Yes,0.0,Not Graduate,No,2118,536.0,85,360,0,Rural,N
LP002740,Male,Yes,3.0,Graduate,Yes,7580,0.0,154,180,0,Rural,Y
LP002741,Female,Yes,1.0,Graduate,No,6757,2845.0,132,180,1,Semiurban,Y
LP002743,Female,No,0.0,Graduate,No,1744,0.0,132,360,1,Semiurban,N
LP002753,Female,No,1.0,Graduate,No,3915,0.0,106,360,1,Semiurban,Y
LP002755,Male,Yes,1.0,Not Graduate,No,2491,2524.0,140,360,1,Urban,Y
LP002757,Female,Yes,0.0,Not Graduate,No,2916,663.0,120,360,1,Semiurban,Y
LP002767,Male,Yes,0.0,Graduate,No,2555,1950.0,133,360,1,Rural,Y
LP002768,Male,No,0.0,Not Graduate,No,2027,0.0,95,36,0,Semiurban,N
LP002772,Male,No,0.0,Graduate,Yes,2307,1783.0,151,360,1,Rural,Y
LP002776,Female,No,0.0,Graduate,No,5203,0.0,140,360,1,Semiurban,N
LP002777,Male,Yes,0.0,Graduate,No,2764,2016.0,114,360,1,Rural,Y
LP002778,Male,Yes,2.0,Graduate,Yes,5228,0.0,147,360,0,Rural,N
LP002784,Male,Yes,1.0,Not Graduate,No,2692,2375.0,112,360,0,Rural,Y
LP002785,Male,Yes,1.0,Graduate,No,4280,3250.0,190,360,1,Urban,Y
LP002788,Male,Yes,0.0,Not Graduate,No,1911,2333.0,228,360,0,Urban,N
LP002789,Male,Yes,0.0,Graduate,Yes,3676,4266.0,177,180,0,Rural,N
LP002792,Male,Yes,1.0,Graduate,Yes,6128,1032.0,23,360,1,Semiurban,Y
LP002794,Female,No,0.0,Graduate,No,2586,1625.0,96,360,1,Urban,Y
LP002795,Male,Yes,3.0,Graduate,No,9962,0.0,208,360,1,Semiurban,Y
LP002798,Male,Yes,0.0,Graduate,No,5081,2669.0,184,360,1,Semiurban,Y
LP002804,Female,Yes,0.0,Graduate,No,3416,2306.0,221,360,1,Semiurban,Y
LP002807,Male,Yes,2.0,Not Graduate,No,3585,242.0,103,360,0,Semiurban,Y
LP002813,Female,Yes,1.0,Graduate,Yes,19290,0.0,746,360,1,Semiurban,Y
LP002820,Male,Yes,0.0,Graduate,No,7715,2054.0,191,360,1,Rural,Y
LP002821,Male,No,0.0,Not Graduate,No,6221,0.0,157,360,1,Semiurban,Y
LP002832,Male,Yes,2.0,Graduate,No,7077,0.0,286,360,0,Urban,N
LP002833,Male,Yes,0.0,Not Graduate,No,4369,0.0,129,360,1,Rural,Y
LP002836,Male,No,0.0,Graduate,No,4260,0.0,88,360,1,Urban,Y
LP002837,Male,Yes,3.0,Graduate,Yes,3727,2500.0,140,360,0,Rural,N
LP002840,Female,No,0.0,Graduate,Yes,1862,0.0,10,360,0,Urban,N
LP002841,Male,Yes,0.0,Graduate,No,2135,2064.0,120,360,1,Urban,N
LP002842,Male,Yes,1.0,Graduate,No,3281,1750.0,178,360,0,Urban,Y
LP002847,Male,Yes,2.0,Graduate,Yes,3333,1451.0,200,360,1,Urban,N
LP002855,Male,Yes,2.0,Graduate,No,18385,0.0,348,360,0,Urban,Y
LP002862,Male,Yes,2.0,Not Graduate,No,4558,1625.0,213,480,0,Semiurban,N
LP002863,Male,Yes,3.0,Graduate,No,4171,0.0,161,360,0,Semiurban,N
LP002868,Male,Yes,2.0,Graduate,No,2908,461.0,115,84,1,Urban,Y
LP002874,Male,No,0.0,Graduate,Yes,3400,2739.0,149,360,0,Urban,Y
LP002877,Male,Yes,1.0,Graduate,No,2053,2232.0,123,360,1,Rural,Y
LP002888,Male,No,0.0,Graduate,Yes,3817,2917.0,174,360,1,Urban,Y
LP002892,Male,Yes,2.0,Graduate,No,6679,0.0,208,360,1,Semiurban,Y
LP002893,Male,No,0.0,Graduate,No,1461,33837.0,123,360,1,Urban,N
LP002894,Female,Yes,0.0,Graduate,No,2996,0.0,44,360,1,Semiurban,Y
LP002898,Male,Yes,1.0,Graduate,No,1929,0.0,61,360,1,Rural,N
LP002911,Male,Yes,1.0,Graduate,Yes,1772,1917.0,189,360,1,Rural,N
LP002912,Male,Yes,1.0,Graduate,Yes,2938,3000.0,218,84,0,Rural,N
LP002916,Male,Yes,0.0,Graduate,Yes,2531,1522.0,124,360,0,Urban,Y
LP002917,Female,No,0.0,Not Graduate,No,1862,0.0,59,360,0,Semiurban,Y
LP002926,Male,Yes,2.0,Graduate,No,2651,0.0,144,360,1,Semiurban,N
LP002928,Male,Yes,0.0,Graduate,No,3565,3416.0,60,180,1,Semiurban,Y
LP002931,Male,Yes,2.0,Graduate,No,4953,0.0,249,240,0,Semiurban,N
LP002936,Male,Yes,0.0,Graduate,No,3906,3300.0,157,180,1,Rural,Y
LP002938,Male,Yes,0.0,Graduate,No,18194,0.0,247,360,0,Urban,Y
LP002940,Male,No,0.0,Not Graduate,Yes,3861,0.0,116,360,1,Rural,Y
LP002941,Male,Yes,2.0,Not Graduate,No,4450,1000.0,286,360,0,Rural,N
LP002943,Male,No,2.0,Graduate,No,2633,0.0,104,360,1,Semiurban,N
LP002945,Male,Yes,0.0,Graduate,No,12770,0.0,170,360,1,Rural,Y
LP002948,Male,Yes,2.0,Graduate,No,8013,0.0,201,360,1,Urban,Y
LP002949,Female,No,3.0,Graduate,No,403,41667.0,390,180,1,Urban,N
LP002950,Male,Yes,0.0,Not Graduate,No,3372,2792.0,141,360,1,Rural,Y
LP002953,Male,Yes,3.0,Graduate,No,7144,0.0,132,360,1,Urban,Y
LP002958,Male,No,0.0,Graduate,No,3957,4301.0,207,360,0,Rural,Y
LP002959,Female,Yes,1.0,Graduate,No,9796,0.0,532,360,1,Semiurban,Y
LP002960,Male,Yes,0.0,Not Graduate,No,2214,3800.0,163,180,0,Urban,N
LP002961,Male,Yes,1.0,Graduate,No,3471,2500.0,167,360,1,Semiurban,Y
LP002964,Male,Yes,2.0,Not Graduate,Yes,4112,1411.0,167,360,1,Rural,Y
LP002974,Male,Yes,0.0,Graduate,No,3426,1950.0,85,360,1,Rural,Y
LP002978,Female,No,0.0,Graduate,Yes,2835,0.0,88,360,1,Rural,Y
LP002979,Male,Yes,3.0,Graduate,No,4303,0.0,37,180,0,Rural,Y
LP002983,Male,Yes,1.0,Graduate,No,9948,240.0,260,360,1,Urban,Y
LP002984,Male,Yes,2.0,Graduate,No,7323,0.0,234,360,0,Urban,Y
LP002990,Female,No,0.0,Graduate,No,3790,0.0,154,360,0,Semiurban,N
